TIME,SOLAR
1,0
2,0
3,0
4,0
5,0
6,0
7,0
8,0
9,0
10,0
11,0
12,1.739438333
13,6.877431667
14,12.99644167
15,21.29771667
16,31.38633333
17,45.5977
18,47.82795
19,48.72515
20,54.21358333
21,65.27155
22,78.89356667
23,85.93601667
24,49.84608333
25,83.49615
26,68.94863333
27,73.48703333
28,78.15591667
29,56.42631667
30,32.72287833
31,2.890613333
32,11.29104667
33,35.22131667
34,10.34893667
35,5.502853333
36,2.626688333
37,0.401918267
38,0
39,0
40,0
41,0
42,0
43,0
44,0
45,0
46,0
47,0
48,0
