TIME,SOLAR
1,0
2,0
3,0
4,0
5,0
6,0
7,0
8,0
9,0
10,0
11,0
12,1.990675
13,7.46201
14,15.2689
15,25.37211667
16,36.56006667
17,47.30815
18,58.89775
19,55.48033333
20,67.90953333
21,75.54951667
22,82.75736667
23,69.09535
24,87.68513333
25,77.60646667
26,77.34645
27,83.94471667
28,81.87836667
29,78.50221667
30,65.64631667
31,60.90818333
32,50.04368333
33,36.75638333
34,29.40353333
35,17.02825
36,8.191455
37,0.68777009
38,0
39,0
40,0
41,0
42,0
43,0
44,0
45,0
46,0
47,0
48,0
